{"id":"6745EC3B-1AD7-4DAC-A74C-A65227252A99","validationEntity":{"analysedDataType":"auto","dataResult":{}},"modelEntity":{"modelURL":"Models\/BetterRest%201.mlmodel"},"version":"1.0","settingEntity":{"suggestedColumnTypes":["Int","Double","Int","Int"],"augmentations":[],"generalClassifierType":{"auto":{}},"transferLearningEmbeddingType":"dynamic","suggestedColumns":["wake","estimatedSleep","coffee","actualSleep"],"targetColumn":"actualSleep","algorithmType":"maxEnt","seedType":"default","suggestedColumnValues":["31,500, 32,400, 26,100, 40,500, 19,800, 27,000, 20,700, 21,600, 41,400, 34,200, 21,600, 78,300, 32,400, 28,800, 18,900, 18,000, 28,800, 18,000, 7,200, 35,100, 24,300, 35,100, 34,200, 27,900, 30,600, 69,300, 35,100, 34,200, 34,200, 23,400","9.00, 5.00, 6.50, 8.75, 6.00, 7.50, 9.25, 6.00, 9.25, 6.75, 5.25, 9.25, 10.00, 8.75, 8.25, 6.25, 10.00, 6.25, 10.00, 9.50, 5.00, 7.50, 6.25, 8.00, 8.00, 6.50, 8.00, 10.00, 8.25, 8.00","6, 2, 10, 4, 3, 1, 1, 3, 5, 8, 3, 8, 2, 3, 1, 2, 3, 2, 1, 4, 2, 1, 1, 4, 3, 7, 4, 4, 1, 3","38,230, 20,180, 31,989, 35,258, 24,487, 28,300, 34,548, 24,557, 37,836, 31,340, 21,874, 40,405, 38,076, 34,265, 30,936, 24,665, 39,007, 24,578, 37,267, 37,878, 20,220, 28,400, 23,882, 32,427, 31,699, 29,670, 32,789, 39,792, 30,935, 31,701"],"generalRegressorType":{"auto":{}},"featureNames":["wake","estimatedSleep","coffee"]},"state":"trained","trainingEntity":{"finishTime":607891571.06212997,"recipeTrainingResults":{"generalRegressor":{"maximumError":702.04507727219607,"rootMeanSquaredError":176.96418348915412}},"dataResult":{"itemsCount":10000,"dataURL":"file:\/\/\/Users\/gustavoespinoza\/Downloads\/HackingWithSwift-master\/SwiftUI\/project4-files\/BetterRest.csv","columns":["wake","estimatedSleep","coffee","actualSleep"],"columnTypes":["Int","Double","Int","Int"],"analysis":{"summary":{"canUseValidation":1,"sampleCount":10000},"issues":[{"description":"Data has 10000 rows","severity":"info"}],"regressorAnalysis":{"targetRange":[19216,45224]}},"dataSourceID":"EFDF72CC-AEE5-43FB-AA51-F7BFB7417C8D","columnValues":["31,500, 32,400, 26,100, 40,500, 19,800, 27,000, 20,700, 21,600, 41,400, 34,200, 21,600, 78,300, 32,400, 28,800, 18,900, 18,000, 28,800, 18,000, 7,200, 35,100, 24,300, 35,100, 34,200, 27,900, 30,600, 69,300, 35,100, 34,200, 34,200, 23,400","9.00, 5.00, 6.50, 8.75, 6.00, 7.50, 9.25, 6.00, 9.25, 6.75, 5.25, 9.25, 10.00, 8.75, 8.25, 6.25, 10.00, 6.25, 10.00, 9.50, 5.00, 7.50, 6.25, 8.00, 8.00, 6.50, 8.00, 10.00, 8.25, 8.00","6, 2, 10, 4, 3, 1, 1, 3, 5, 8, 3, 8, 2, 3, 1, 2, 3, 2, 1, 4, 2, 1, 1, 4, 3, 7, 4, 4, 1, 3","38,230, 20,180, 31,989, 35,258, 24,487, 28,300, 34,548, 24,557, 37,836, 31,340, 21,874, 40,405, 38,076, 34,265, 30,936, 24,665, 39,007, 24,578, 37,267, 37,878, 20,220, 28,400, 23,882, 32,427, 31,699, 29,670, 32,789, 39,792, 30,935, 31,701"],"targetRange":[19216,45224]},"analysedDataType":"choose","recipeValidationResults":{"generalRegressor":{"maximumError":698.00053145825223,"rootMeanSquaredError":178.7265266924251}},"validationAccuracy":178.7265266924251,"startTime":607891569.70180202,"progress":[],"trainingAccuracy":176.96418348915412},"createdDate":"2020-04-06 13:41:45","transientEvaluationState":"none","evaluationState":"uninitialized","title":"BetterRest 1","evaluationEntity":{"analysedDataType":"none","dataResult":{}},"modifiedDate":"2020-04-06 13:46:11","transientState":"none","preferredFilename":"BetterRest 1"}